Category,Response
Lowest Value,"The lowest value in the entire dataset was recorded on {date}, where the value reached a minimal point of {value:.5f}, marking the lowest observed measurement."
Lowest Value,"After carefully examining the data, the smallest recorded value was observed on {date}, where it reached {value:.5f}, making it the lowest value in the entire range."
Lowest Value,"On {date}, the value occurred at its lowest point, dipping down to a value of {value:.5f}, which represents the smallest value in this series of measurements."
Lowest Value,"The minimum value for the given dataset was recorded on {date}, where it reached a value of {value:.5f}, making it the lowest point within the entire range of data."
Lowest Value,"When analyzing the data, the smallest value was recorded on {date}, with a value of {value:.5f}, which stands as the lowest observed during the period."
Lowest Value,"Looking back at the dataset, the value of {value:.5f} was the lowest on {date}, indicating the most significant decrease during the period."
Lowest Value,"On {date}, the value was recorded at its lowest point, achieving a value of {value:.5f}, marking a significant moment in the dataset where the value was at its lowest."
Lowest Value,"The data reveals that {date} holds the distinction of seeing the lowest recorded value, with the value being as low as {value:.5f}."
Lowest Value,"When we take a closer look at {date}, we can see that it marks the lowest value recorded in the dataset, with a value of {value:.5f} that has yet to be surpassed."
Lowest Value,"Upon examining the data carefully, {date} saw the lowest value in the series, with the value dipping to {value:.5f}, which stands as the lowest point recorded."
Highest Value,"The highest value in the dataset was recorded on {date}, where it peaked at {value:.5f}, representing the maximum measurement reached during the period."
Highest Value,"The data clearly indicates that the highest value was observed on {date}, with the value soaring to {value:.5f}, making it the most significant peak within this dataset."
Highest Value,"On {date}, the value reached its highest point, climbing to {value:.5f}, which represents the greatest value observed throughout the entire dataset."
Highest Value,"The dataset shows that the value reached its highest point on {date}, where it reached a remarkable {value:.5f}, setting a new record for the highest value in the series."
Highest Value,"At {date}, the value peaked at {value:.5f}, marking the highest value observed in the data and standing as the highest point during the entire period of measurement."
Highest Value,"On {date}, we saw the highest value recorded in the dataset, where the value spiked to {value:.5f}, surpassing all other values recorded in the series."
Highest Value,"When examining the data, {date} stands out as the day with the highest value, which peaked at {value:.5f}, the highest value recorded in this set of measurements."
Highest Value,"The maximum value was recorded on {date}, where it reached {value:.5f}, making it the highest value of the entire dataset, a notable peak in the range."
Highest Value,"On {date}, the value saw an impressive peak, reaching {value:.5f}, which marks the highest point in this dataset and sets a new record for the series."
Highest Value,"The value reached its ultimate peak on {date}, where it surged to {value:.5f}, marking the highest value that was recorded throughout this dataset."
Significant Increase,"A significant increase was observed between {start_date} and {end_date}, where the value surged from {start_value:.5f} to {end_value:.5f}, highlighting a substantial growth in the data during this period."
Significant Increase,"From {start_date} to {end_date}, there was a remarkable rise in the values, increasing dramatically from {start_value:.5f} to {end_value:.5f}, showcasing an undeniable upward trend."
Significant Increase,"Between {start_date} and {end_date}, the values experienced an impressive increase, rising from {start_value:.5f} to {end_value:.5f}, marking a significant upward movement in the data."
Significant Increase,"The data indicates a strong surge in values from {start_date} to {end_date}, where the values rose sharply from {start_value:.5f} to {end_value:.5f}, a remarkable increase during this time period."
Significant Increase,"From {start_date} to {end_date}, we witnessed an extraordinary increase in values, climbing from {start_value:.5f} to {end_value:.5f}, signaling a powerful shift in the dataset."
Significant Increase,"Between {start_date} and {end_date}, the values climbed significantly from {start_value:.5f} to {end_value:.5f}, making this period stand out as a time of remarkable growth."
Significant Increase,"During the period from {start_date} to {end_date}, the data shows a dramatic rise, with values increasing from {start_value:.5f} to {end_value:.5f}, representing a major uptick."
Significant Increase,"The values experienced a significant climb between {start_date} and {end_date}, rising from {start_value:.5f} to {end_value:.5f}, a clear indicator of substantial growth."
Significant Increase,"From {start_date} to {end_date}, there was a notable increase, with the values climbing from {start_value:.5f} to {end_value:.5f}, marking a significant shift in the data."
Significant Increase,"A considerable increase was observed between {start_date} and {end_date}, where values rose from {start_value:.5f} to {end_value:.5f}, reflecting a strong upward trajectory."
Significant Decrease,"A significant decrease in values was observed between {start_date} and {end_date}, where the values dropped from {start_value:.5f} to {end_value:.5f}, marking a noteworthy decline in the dataset."
Significant Decrease,"Between {start_date} and {end_date}, the data shows a sharp reduction in values, falling from {start_value:.5f} to {end_value:.5f}, indicating a major downturn during this period."
Significant Decrease,"From {start_date} to {end_date}, the values experienced a significant decline, dropping from {start_value:.5f} to {end_value:.5f}, signaling a notable decrease in the data."
Significant Decrease,"Between {start_date} and {end_date}, there was a remarkable drop in values, with the numbers falling from {start_value:.5f} to {end_value:.5f}, marking a major reduction."
Significant Decrease,"A sharp decline in values was noted from {start_date} to {end_date}, where values fell from {start_value:.5f} to {end_value:.5f}, showcasing a significant downturn."
Significant Decrease,"From {start_date} to {end_date}, there was a substantial decrease in values, from {start_value:.5f} to {end_value:.5f}, reflecting a clear downward trend."
Significant Decrease,"Between {start_date} and {end_date}, the values saw a sharp decrease, falling from {start_value:.5f} to {end_value:.5f}, indicating a notable drop in the data."
Significant Decrease,"The values experienced a major decrease between {start_date} and {end_date}, dropping from {start_value:.5f} to {end_value:.5f}, making this period one of significant decline."
Significant Decrease,"During the period between {start_date} and {end_date}, the data shows a marked reduction, with values falling from {start_value:.5f} to {end_value:.5f}, indicating a considerable decrease."
Significant Decrease,"A dramatic decline in values occurred between {start_date} and {end_date}, where values fell from {start_value:.5f} to {end_value:.5f}, marking a significant downturn in the data."
Overall Trend,"Overall Trend: A {trend} trend from {start_date} ({start_value:.5f}) to {end_date} ({end_value:.5f}), demonstrating a clear direction in the data's movement over time."
Overall Trend,"Trend Overview: The data shows a {trend} trend from {start_date} ({start_value:.5f}) to {end_date} ({end_value:.5f}), with the values either rising or falling steadily over the period."
Overall Trend,"The trend appears to be {trend} from {start_date} ({start_value:.5f}) to {end_date} ({end_value:.5f}), indicating a sustained movement in a particular direction."
Overall Trend,"The overall trend is {trend} from {start_date} ({start_value:.5f}) to {end_date} ({end_value:.5f}), showing either a gradual increase or decrease in the dataset over the time period."
Overall Trend,"From {start_date} to {end_date}, the trend is {trend}, moving from {start_value:.5f} to {end_value:.5f}, with the data demonstrating a consistent pattern in this period."
Overall Trend,"A {trend} trend is observed from {start_date} ({start_value:.5f}) to {end_date} ({end_value:.5f}), indicating a clear shift in the values throughout the timeframe."
Overall Trend,"The data indicates a {trend} trend from {start_date} ({start_value:.5f}) to {end_date} ({end_value:.5f}), pointing towards either growth or reduction during this period."
Overall Trend,"The trend is clearly {trend} from {start_date} ({start_value:.5f}) to {end_date} ({end_value:.5f}), as the values exhibit a sustained directional change over time."
Overall Trend,"The trend from {start_date} to {end_date} shows a {trend} movement, from {start_value:.5f} to {end_value:.5f}, with the data following a recognizable pattern throughout this time."
Overall Trend,"Based on the data, the trend is {trend}, with values moving from {start_date} ({start_value:.5f}) to {end_date} ({end_value:.5f}), showing either an upward or downward shift in the period."
